dataName,classifier,percent,score,OmniScore,Type1-A/A/Good,Type2-A/B/Bad,Type3-A/B/Good,Type4-A/A/Bad
2013,baseline,0.10255643593960233,1372.0,13378,2855.0,0.0,0.0,3654.0
2013,"AdaBoostClassifier, method-dt, algorithm-SAMME",0.41097323964718196,5498.0,13378,1776.0,2889.0,1079.0,765.0
2013,"AdaBoostClassifier, method-dt, algorithm-SAMME.R",0.1619076095081477,2166.0,13378,1763.0,2159.0,1092.0,1495.0
2014,baseline,0.0628374677204789,803.0,12779,2634.0,0.0,0.0,3610.0
2014,"AdaBoostClassifier, method-dt, algorithm-SAMME",0.24610689412317083,3145.0,12779,1651.0,2287.0,983.0,1323.0
2014,"AdaBoostClassifier, method-dt, algorithm-SAMME.R",0.24031614367321386,3071.0,12779,1666.0,2245.0,968.0,1365.0
2015,baseline,0.040725105537621056,328.0,8054,1621.0,0.0,0.0,2342.0
2015,"AdaBoostClassifier, method-dt, algorithm-SAMME",0.42314377948845294,3408.0,8054,988.0,1837.0,633.0,505.0
2015,"AdaBoostClassifier, method-dt, algorithm-SAMME.R",0.17233672709212813,1388.0,8054,984.0,1408.0,637.0,934.0
